Category,Tag 1,Tag 2,Tag 3,Tag 4,Tag 5,Tag 6,Tag 7,Tag 8,Tag 9
"Access, Equity, and Digital Divide","Access, affordability, and digital divide in AI technologies",,,,,,,,
"Bias, Fairness, and Inclusivity","Bias, misinformation, and reliability of AI outputs","Need for user-centered, tailored, and culturally sensitive AI","User feedback, inclusivity, and survey design improvements",,,,,,
Economic and Labor Impact,Job loss and economic impact of AI,,,,,,,,
Environmental and Long-term Impact,Environmental impact of AI,Future uncertainty and adaptability regarding AI's societal impact,,,,,,,
Ethical and Societal Implications of AI,AI as a tool versus replacement for humans,AI's impact on children and vulnerable populations,"AI's positive potential for support, productivity, and innovation",AI's role in education and learning,"Concerns about AI in surveillance, discrimination, and social justice","Cultural, religious, and societal considerations in AI design",Ethical concerns and safeguards in AI development,Importance of boundaries and limits in AI capabilities,Transparency and honesty in AI systems
Human-AI Interaction and Relationships,AI's effect on human relationships and social skills,AI's inability to replicate human consciousness or soul,Concerns about humanizing or anthropomorphizing AI,Distinguishing between human and AI interactions,Emotional intimacy and AI companionship,,,,
Mental Health and Well-being,AI's influence on mental health and well-being,AI's role in supporting the elderly and combating loneliness,Risks of over-dependence and social isolation,,,,,,
"Privacy, Security, and Data Protection","AI's use for manipulation, scamming, or malicious purposes","Privacy, data security, and misuse of personal information",,,,,,,
"Regulation, Governance, and Global Standards",Global standards and collaboration in AI development,Regulation and governance of AI,,,,,,,
Uncategorized,Other,,,,,,,,
,Uninformative answer,,,,,,,,
